<?xml version="1.0" encoding="UTF-8"?>
<Server>

  <GlobalNamingResources>
    <Environment
      name="simpleValue"
      type="java.lang.Integer"
      value="30"/>
    <Resource
      auth="Container"
      description="User database that can be updated and saved"
      name="UserDatabase"
      type="org.apache.catalina.UserDatabase"
      factory="org.apache.catalina.users.MemoryUserDatabaseFactory"
      pathname="conf/tomcat-users.xml"/>
  </GlobalNamingResources>
  <Service
      name="Catalina">
    <Connector
        port="80"
        redirectPort="443"
        minSpareThreads="25"
        connectionTimeout="20000"
        compressableMimeTypes="text/html,text/xml,text/plain,text/css,application/javascript,text/javascript"
        maxThreads="150"
        maxSpareThreads="75"
        compression="on">
    </Connector>
    <Connector
        port="9449"
        minSpareThreads="25"
        connectionTimeout="20000"
        maxThreads="150"
        maxSpareThreads="75">
    </Connector><!--
    <Connector
        port="443"
        scheme="https"
        secure="true"
        minSpareThreads="25"
        clientAuth="false"
        maxThreads="150"
        maxSpareThreads="75"
        sslProtocol="TLSv1.2">
    </Connector>-->
    
<Connector ciphers="ECDHE-RSA-AES128-GCM-SHA256, ECDHE-ECDSA-AES128-GCM-SHA256, ECDHE-RSA-AES256-GCM-SHA384, ECDHE-ECDSA-AES256-GCM-SHA384, DHE-RSA-AES128-GCM-SHA256, DHE-DSS-AES128-GCM-SHA256:kEDH+AESGCM:ECDHE-RSA-AES128-SHA256:ECDHE-ECDSA-AES128-SHA256:ECDHE-RSA-AES128-SHA:ECDHE-ECDSA-AES128-SHA:ECDHE-RSA-AES256-SHA384:ECDHE-ECDSA-AES256-SHA384:ECDHE-RSA-AES256-SHA, ECDHE-ECDSA-AES256-SHA, DHE-RSA-AES128-SHA256, DHE-RSA-AES128-SHA, DHE-DSS-AES128-SHA256, DHE-RSA-AES256-SHA256, DHE-DSS-AES256-SHA, DHE-RSA-AES256-SHA, AES128-GCM-SHA256, AES256-GCM-SHA384, AES128-SHA256, AES256-SHA256, AES128-SHA, AES256-SHA, AES, CAMELLIA, DES-CBC3-SHA"
           port="443" maxThreads="200" 
           scheme="https" secure="true" SSLEnabled="true"
	   keystoreFile="/usr/local/tomcat/conf/up.keystore" keyAlias="tomcat" keystorePass="changeit"
    clientAuth="false" sslProtocol="TLSv1.2"/> 
    <!--
<Connector 
           port="8447" maxThreads="200"
           scheme="https" secure="true" SSLEnabled="true"
           SSLCertificateFile="/studium.as.uni-heidelberg.de.ssl/cert-6678686953869435.pem" 
           SSLCertificateKeyFile="/studium.as.uni-heidelberg.de.ssl/studium.as.uni-heidelberg.de.key" 
	  SSLCertificateChainFile="/studium.as.uni-heidelberg.de.ssl/chain.txt" 
    clientAuth="optional" SSLProtocol="TLSv1.2"/> -->
    <Connector
        port="8009"
        redirectPort="8443"
        protocol="AJP/1.3">
    </Connector>
    <Engine
        defaultHost="localhost"
        name="Catalina">
      <Realm className="org.apache.catalina.realm.UserDatabaseRealm"/>
      <Host
          appBase="webapps"
          name="localhost">

      </Host>
    </Engine>
  </Service>
</Server>
